datetime,outlet,visitor
2018-02-22 00:00:00,A,15
2018-02-22 00:00:00,B,0
2018-02-22 00:00:00,C,0
2018-02-22 00:00:00,D,0
2018-02-22 00:00:00,E,161
2018-02-22 01:00:00,A,1
2018-02-22 01:00:00,B,0
2018-02-22 01:00:00,C,0
2018-02-22 01:00:00,D,0
2018-02-22 01:00:00,E,77
2018-02-22 02:00:00,A,0
2018-02-22 02:00:00,B,0
2018-02-22 02:00:00,C,0
2018-02-22 02:00:00,D,0
2018-02-22 02:00:00,E,21
2018-02-22 03:00:00,A,0
2018-02-22 03:00:00,B,0
2018-02-22 03:00:00,C,0
2018-02-22 03:00:00,D,0
2018-02-22 03:00:00,E,4
2018-02-22 04:00:00,A,0
2018-02-22 04:00:00,B,0
2018-02-22 04:00:00,C,0
2018-02-22 04:00:00,D,0
2018-02-22 04:00:00,E,5
2018-02-22 05:00:00,A,0
2018-02-22 05:00:00,B,0
2018-02-22 05:00:00,C,0
2018-02-22 05:00:00,D,0
2018-02-22 05:00:00,E,2
2018-02-22 06:00:00,A,0
2018-02-22 06:00:00,B,0
2018-02-22 06:00:00,C,0
2018-02-22 06:00:00,D,0
2018-02-22 06:00:00,E,5
2018-02-22 07:00:00,A,1
2018-02-22 07:00:00,B,0
2018-02-22 07:00:00,C,0
2018-02-22 07:00:00,D,0
2018-02-22 07:00:00,E,59
2018-02-22 08:00:00,A,6
2018-02-22 08:00:00,B,0
2018-02-22 08:00:00,C,1
2018-02-22 08:00:00,D,0
2018-02-22 08:00:00,E,85
2018-02-22 09:00:00,A,29
2018-02-22 09:00:00,B,0
2018-02-22 09:00:00,C,8
2018-02-22 09:00:00,D,6
2018-02-22 09:00:00,E,137
2018-02-22 10:00:00,A,104
2018-02-22 10:00:00,B,4
2018-02-22 10:00:00,C,29
2018-02-22 10:00:00,D,7
2018-02-22 10:00:00,E,280
2018-02-22 11:00:00,A,213
2018-02-22 11:00:00,B,12
2018-02-22 11:00:00,C,48
2018-02-22 11:00:00,D,18
2018-02-22 11:00:00,E,529
2018-02-22 12:00:00,A,288
2018-02-22 12:00:00,B,21
2018-02-22 12:00:00,C,79
2018-02-22 12:00:00,D,34
2018-02-22 12:00:00,E,853
2018-02-22 13:00:00,A,249
2018-02-22 13:00:00,B,24
2018-02-22 13:00:00,C,49
2018-02-22 13:00:00,D,31
2018-02-22 13:00:00,E,789
2018-02-22 14:00:00,A,264
2018-02-22 14:00:00,B,24
2018-02-22 14:00:00,C,44
2018-02-22 14:00:00,D,17
2018-02-22 14:00:00,E,774
2018-02-22 15:00:00,A,234
2018-02-22 15:00:00,B,21
2018-02-22 15:00:00,C,44
2018-02-22 15:00:00,D,30
2018-02-22 15:00:00,E,854
2018-02-22 16:00:00,A,323
2018-02-22 16:00:00,B,16
2018-02-22 16:00:00,C,42
2018-02-22 16:00:00,D,24
2018-02-22 16:00:00,E,930
2018-02-22 17:00:00,A,329
2018-02-22 17:00:00,B,25
2018-02-22 17:00:00,C,50
2018-02-22 17:00:00,D,40
2018-02-22 17:00:00,E,1106
2018-02-22 18:00:00,A,372
2018-02-22 18:00:00,B,36
2018-02-22 18:00:00,C,71
2018-02-22 18:00:00,D,36
2018-02-22 18:00:00,E,1218
2018-02-22 19:00:00,A,412
2018-02-22 19:00:00,B,29
2018-02-22 19:00:00,C,67
2018-02-22 19:00:00,D,59
2018-02-22 19:00:00,E,1542
2018-02-22 20:00:00,A,390
2018-02-22 20:00:00,B,14
2018-02-22 20:00:00,C,61
2018-02-22 20:00:00,D,57
2018-02-22 20:00:00,E,1507
2018-02-22 21:00:00,A,282
2018-02-22 21:00:00,B,5
2018-02-22 21:00:00,C,33
2018-02-22 21:00:00,D,59
2018-02-22 21:00:00,E,1382
2018-02-22 22:00:00,A,57
2018-02-22 22:00:00,B,0
2018-02-22 22:00:00,C,5
2018-02-22 22:00:00,D,40
2018-02-22 22:00:00,E,951
2018-02-22 23:00:00,A,28
2018-02-22 23:00:00,B,0
2018-02-22 23:00:00,C,0
2018-02-22 23:00:00,D,3
2018-02-22 23:00:00,E,500
2018-02-23 00:00:00,A,8
2018-02-23 00:00:00,B,0
2018-02-23 00:00:00,C,0
2018-02-23 00:00:00,D,0
2018-02-23 00:00:00,E,227
2018-02-23 01:00:00,A,7
2018-02-23 01:00:00,B,0
2018-02-23 01:00:00,C,0
2018-02-23 01:00:00,D,0
2018-02-23 01:00:00,E,81
2018-02-23 02:00:00,A,0
2018-02-23 02:00:00,B,0
2018-02-23 02:00:00,C,0
2018-02-23 02:00:00,D,0
2018-02-23 02:00:00,E,24
2018-02-23 03:00:00,A,0
2018-02-23 03:00:00,B,0
2018-02-23 03:00:00,C,0
2018-02-23 03:00:00,D,0
2018-02-23 03:00:00,E,6
2018-02-23 04:00:00,A,0
2018-02-23 04:00:00,B,0
2018-02-23 04:00:00,C,0
2018-02-23 04:00:00,D,0
2018-02-23 04:00:00,E,5
2018-02-23 05:00:00,A,0
2018-02-23 05:00:00,B,0
2018-02-23 05:00:00,C,0
2018-02-23 05:00:00,D,0
2018-02-23 05:00:00,E,6
2018-02-23 06:00:00,A,0
2018-02-23 06:00:00,B,0
2018-02-23 06:00:00,C,0
2018-02-23 06:00:00,D,0
2018-02-23 06:00:00,E,5
2018-02-23 07:00:00,A,1
2018-02-23 07:00:00,B,0
2018-02-23 07:00:00,C,0
2018-02-23 07:00:00,D,0
2018-02-23 07:00:00,E,71
2018-02-23 08:00:00,A,9
2018-02-23 08:00:00,B,0
2018-02-23 08:00:00,C,2
2018-02-23 08:00:00,D,0
2018-02-23 08:00:00,E,85
2018-02-23 09:00:00,A,33
2018-02-23 09:00:00,B,0
2018-02-23 09:00:00,C,7
2018-02-23 09:00:00,D,2
2018-02-23 09:00:00,E,94
2018-02-23 10:00:00,A,110
2018-02-23 10:00:00,B,5
2018-02-23 10:00:00,C,39
2018-02-23 10:00:00,D,13
2018-02-23 10:00:00,E,270
2018-02-23 11:00:00,A,224
2018-02-23 11:00:00,B,20
2018-02-23 11:00:00,C,59
2018-02-23 11:00:00,D,25
2018-02-23 11:00:00,E,460
2018-02-23 12:00:00,A,341
2018-02-23 12:00:00,B,41
2018-02-23 12:00:00,C,84
2018-02-23 12:00:00,D,28
2018-02-23 12:00:00,E,643
2018-02-23 13:00:00,A,314
2018-02-23 13:00:00,B,28
2018-02-23 13:00:00,C,80
2018-02-23 13:00:00,D,37
2018-02-23 13:00:00,E,910
2018-02-23 14:00:00,A,278
2018-02-23 14:00:00,B,20
2018-02-23 14:00:00,C,36
2018-02-23 14:00:00,D,25
2018-02-23 14:00:00,E,918
2018-02-23 15:00:00,A,296
2018-02-23 15:00:00,B,24
2018-02-23 15:00:00,C,43
2018-02-23 15:00:00,D,25
2018-02-23 15:00:00,E,852
2018-02-23 16:00:00,A,316
2018-02-23 16:00:00,B,28
2018-02-23 16:00:00,C,42
2018-02-23 16:00:00,D,40
2018-02-23 16:00:00,E,981
2018-02-23 17:00:00,A,401
2018-02-23 17:00:00,B,39
2018-02-23 17:00:00,C,67
2018-02-23 17:00:00,D,35
2018-02-23 17:00:00,E,1177
2018-02-23 18:00:00,A,406
2018-02-23 18:00:00,B,29
2018-02-23 18:00:00,C,76
2018-02-23 18:00:00,D,50
2018-02-23 18:00:00,E,1242
2018-02-23 19:00:00,A,498
2018-02-23 19:00:00,B,33
2018-02-23 19:00:00,C,90
2018-02-23 19:00:00,D,63
2018-02-23 19:00:00,E,1637
2018-02-23 20:00:00,A,470
2018-02-23 20:00:00,B,41
2018-02-23 20:00:00,C,89
2018-02-23 20:00:00,D,56
2018-02-23 20:00:00,E,1827
2018-02-23 21:00:00,A,267
2018-02-23 21:00:00,B,14
2018-02-23 21:00:00,C,48
2018-02-23 21:00:00,D,60
2018-02-23 21:00:00,E,1617
2018-02-23 22:00:00,A,115
2018-02-23 22:00:00,B,1
2018-02-23 22:00:00,C,16
2018-02-23 22:00:00,D,34
2018-02-23 22:00:00,E,1158
2018-02-23 23:00:00,A,44
2018-02-23 23:00:00,B,0
2018-02-23 23:00:00,C,0
2018-02-23 23:00:00,D,8
2018-02-23 23:00:00,E,688
2018-02-24 00:00:00,A,16
2018-02-24 00:00:00,B,0
2018-02-24 00:00:00,C,0
2018-02-24 00:00:00,D,0
2018-02-24 00:00:00,E,308
2018-02-24 01:00:00,A,2
2018-02-24 01:00:00,B,0
2018-02-24 01:00:00,C,0
2018-02-24 01:00:00,D,0
2018-02-24 01:00:00,E,122
2018-02-24 02:00:00,A,0
2018-02-24 02:00:00,B,0
2018-02-24 02:00:00,C,0
2018-02-24 02:00:00,D,0
2018-02-24 02:00:00,E,32
2018-02-24 03:00:00,A,0
2018-02-24 03:00:00,B,0
2018-02-24 03:00:00,C,0
2018-02-24 03:00:00,D,0
2018-02-24 03:00:00,E,18
2018-02-24 04:00:00,A,0
2018-02-24 04:00:00,B,0
2018-02-24 04:00:00,C,0
2018-02-24 04:00:00,D,0
2018-02-24 04:00:00,E,4
2018-02-24 05:00:00,A,0
2018-02-24 05:00:00,B,0
2018-02-24 05:00:00,C,0
2018-02-24 05:00:00,D,0
2018-02-24 05:00:00,E,1
2018-02-24 06:00:00,A,0
2018-02-24 06:00:00,B,0
2018-02-24 06:00:00,C,0
2018-02-24 06:00:00,D,0
2018-02-24 06:00:00,E,3
2018-02-24 07:00:00,A,1
2018-02-24 07:00:00,B,0
2018-02-24 07:00:00,C,0
2018-02-24 07:00:00,D,0
2018-02-24 07:00:00,E,47
2018-02-24 08:00:00,A,14
2018-02-24 08:00:00,B,0
2018-02-24 08:00:00,C,1
2018-02-24 08:00:00,D,0
2018-02-24 08:00:00,E,103
2018-02-24 09:00:00,A,43
2018-02-24 09:00:00,B,4
2018-02-24 09:00:00,C,16
2018-02-24 09:00:00,D,8
2018-02-24 09:00:00,E,199
2018-02-24 10:00:00,A,136
2018-02-24 10:00:00,B,15
2018-02-24 10:00:00,C,41
2018-02-24 10:00:00,D,19
2018-02-24 10:00:00,E,457
2018-02-24 11:00:00,A,351
2018-02-24 11:00:00,B,30
2018-02-24 11:00:00,C,65
2018-02-24 11:00:00,D,35
2018-02-24 11:00:00,E,808
2018-02-24 12:00:00,A,382
2018-02-24 12:00:00,B,38
2018-02-24 12:00:00,C,90
2018-02-24 12:00:00,D,47
2018-02-24 12:00:00,E,1084
2018-02-24 13:00:00,A,395
2018-02-24 13:00:00,B,50
2018-02-24 13:00:00,C,94
2018-02-24 13:00:00,D,41
2018-02-24 13:00:00,E,1256
2018-02-24 14:00:00,A,439
2018-02-24 14:00:00,B,49
2018-02-24 14:00:00,C,83
2018-02-24 14:00:00,D,38
2018-02-24 14:00:00,E,1242
2018-02-24 15:00:00,A,417
2018-02-24 15:00:00,B,45
2018-02-24 15:00:00,C,59
2018-02-24 15:00:00,D,31
2018-02-24 15:00:00,E,1203
2018-02-24 16:00:00,A,450
2018-02-24 16:00:00,B,51
2018-02-24 16:00:00,C,63
2018-02-24 16:00:00,D,48
2018-02-24 16:00:00,E,1239
2018-02-24 17:00:00,A,539
2018-02-24 17:00:00,B,60
2018-02-24 17:00:00,C,84
2018-02-24 17:00:00,D,48
2018-02-24 17:00:00,E,1313
2018-02-24 18:00:00,A,552
2018-02-24 18:00:00,B,52
2018-02-24 18:00:00,C,74
2018-02-24 18:00:00,D,59
2018-02-24 18:00:00,E,1446
2018-02-24 19:00:00,A,649
2018-02-24 19:00:00,B,50
2018-02-24 19:00:00,C,102
2018-02-24 19:00:00,D,67
2018-02-24 19:00:00,E,2063
2018-02-24 20:00:00,A,630
2018-02-24 20:00:00,B,48
2018-02-24 20:00:00,C,99
2018-02-24 20:00:00,D,76
2018-02-24 20:00:00,E,2287
2018-02-24 21:00:00,A,436
2018-02-24 21:00:00,B,26
2018-02-24 21:00:00,C,69
2018-02-24 21:00:00,D,66
2018-02-24 21:00:00,E,2057
2018-02-24 22:00:00,A,223
2018-02-24 22:00:00,B,3
2018-02-24 22:00:00,C,23
2018-02-24 22:00:00,D,36
2018-02-24 22:00:00,E,1680
2018-02-24 23:00:00,A,76
2018-02-24 23:00:00,B,0
2018-02-24 23:00:00,C,1
2018-02-24 23:00:00,D,5
2018-02-24 23:00:00,E,1082
2018-02-25 00:00:00,A,23
2018-02-25 00:00:00,B,0
2018-02-25 00:00:00,C,0
2018-02-25 00:00:00,D,0
2018-02-25 00:00:00,E,538
2018-02-25 01:00:00,A,11
2018-02-25 01:00:00,B,0
2018-02-25 01:00:00,C,0
2018-02-25 01:00:00,D,0
2018-02-25 01:00:00,E,233
2018-02-25 02:00:00,A,1
2018-02-25 02:00:00,B,0
2018-02-25 02:00:00,C,0
2018-02-25 02:00:00,D,0
2018-02-25 02:00:00,E,56
2018-02-25 03:00:00,A,0
2018-02-25 03:00:00,B,0
2018-02-25 03:00:00,C,0
2018-02-25 03:00:00,D,0
2018-02-25 03:00:00,E,25
2018-02-25 04:00:00,A,0
2018-02-25 04:00:00,B,0
2018-02-25 04:00:00,C,0
2018-02-25 04:00:00,D,0
2018-02-25 04:00:00,E,5
2018-02-25 05:00:00,A,0
2018-02-25 05:00:00,B,0
2018-02-25 05:00:00,C,0
2018-02-25 05:00:00,D,0
2018-02-25 05:00:00,E,5
2018-02-25 06:00:00,A,0
2018-02-25 06:00:00,B,0
2018-02-25 06:00:00,C,1
2018-02-25 06:00:00,D,0
2018-02-25 06:00:00,E,2
2018-02-25 07:00:00,A,0
2018-02-25 07:00:00,B,0
2018-02-25 07:00:00,C,0
2018-02-25 07:00:00,D,0
2018-02-25 07:00:00,E,40
2018-02-25 08:00:00,A,8
2018-02-25 08:00:00,B,0
2018-02-25 08:00:00,C,0
2018-02-25 08:00:00,D,0
2018-02-25 08:00:00,E,92
2018-02-25 09:00:00,A,55
2018-02-25 09:00:00,B,1
2018-02-25 09:00:00,C,12
2018-02-25 09:00:00,D,1
2018-02-25 09:00:00,E,220
2018-02-25 10:00:00,A,177
2018-02-25 10:00:00,B,26
2018-02-25 10:00:00,C,44
2018-02-25 10:00:00,D,27
2018-02-25 10:00:00,E,448
2018-02-25 11:00:00,A,396
2018-02-25 11:00:00,B,48
2018-02-25 11:00:00,C,82
2018-02-25 11:00:00,D,45
2018-02-25 11:00:00,E,772
2018-02-25 12:00:00,A,479
2018-02-25 12:00:00,B,47
2018-02-25 12:00:00,C,115
2018-02-25 12:00:00,D,45
2018-02-25 12:00:00,E,1095
2018-02-25 13:00:00,A,541
2018-02-25 13:00:00,B,53
2018-02-25 13:00:00,C,112
2018-02-25 13:00:00,D,46
2018-02-25 13:00:00,E,1350
2018-02-25 14:00:00,A,506
2018-02-25 14:00:00,B,48
2018-02-25 14:00:00,C,116
2018-02-25 14:00:00,D,58
2018-02-25 14:00:00,E,1426
2018-02-25 15:00:00,A,518
2018-02-25 15:00:00,B,49
2018-02-25 15:00:00,C,87
2018-02-25 15:00:00,D,47
2018-02-25 15:00:00,E,1325
2018-02-25 16:00:00,A,559
2018-02-25 16:00:00,B,46
2018-02-25 16:00:00,C,93
2018-02-25 16:00:00,D,47
2018-02-25 16:00:00,E,1398
2018-02-25 17:00:00,A,567
2018-02-25 17:00:00,B,60
2018-02-25 17:00:00,C,94
2018-02-25 17:00:00,D,47
2018-02-25 17:00:00,E,1454
2018-02-25 18:00:00,A,579
2018-02-25 18:00:00,B,32
2018-02-25 18:00:00,C,74
2018-02-25 18:00:00,D,63
2018-02-25 18:00:00,E,1456
2018-02-25 19:00:00,A,620
2018-02-25 19:00:00,B,43
2018-02-25 19:00:00,C,89
2018-02-25 19:00:00,D,55
2018-02-25 19:00:00,E,1842
2018-02-25 20:00:00,A,528
2018-02-25 20:00:00,B,34
2018-02-25 20:00:00,C,85
2018-02-25 20:00:00,D,69
2018-02-25 20:00:00,E,1804
2018-02-25 21:00:00,A,285
2018-02-25 21:00:00,B,4
2018-02-25 21:00:00,C,45
2018-02-25 21:00:00,D,88
2018-02-25 21:00:00,E,1430
2018-02-25 22:00:00,A,98
2018-02-25 22:00:00,B,0
2018-02-25 22:00:00,C,6
2018-02-25 22:00:00,D,43
2018-02-25 22:00:00,E,1024
2018-02-25 23:00:00,A,34
2018-02-25 23:00:00,B,0
2018-02-25 23:00:00,C,2
2018-02-25 23:00:00,D,7
2018-02-25 23:00:00,E,494
2018-02-26 00:00:00,A,8
2018-02-26 00:00:00,B,0
2018-02-26 00:00:00,C,0
2018-02-26 00:00:00,D,0
2018-02-26 00:00:00,E,190
2018-02-26 01:00:00,A,3
2018-02-26 01:00:00,B,0
2018-02-26 01:00:00,C,0
2018-02-26 01:00:00,D,0
2018-02-26 01:00:00,E,69
2018-02-26 02:00:00,A,0
2018-02-26 02:00:00,B,0
2018-02-26 02:00:00,C,0
2018-02-26 02:00:00,D,0
2018-02-26 02:00:00,E,14
2018-02-26 03:00:00,A,0
2018-02-26 03:00:00,B,0
2018-02-26 03:00:00,C,0
2018-02-26 03:00:00,D,0
2018-02-26 03:00:00,E,9
2018-02-26 04:00:00,A,0
2018-02-26 04:00:00,B,0
2018-02-26 04:00:00,C,0
2018-02-26 04:00:00,D,0
2018-02-26 04:00:00,E,1
2018-02-26 05:00:00,A,0
2018-02-26 05:00:00,B,0
2018-02-26 05:00:00,C,0
2018-02-26 05:00:00,D,0
2018-02-26 05:00:00,E,1
2018-02-26 06:00:00,A,0
2018-02-26 06:00:00,B,0
2018-02-26 06:00:00,C,0
2018-02-26 06:00:00,D,0
2018-02-26 06:00:00,E,10
2018-02-26 07:00:00,A,2
2018-02-26 07:00:00,B,0
2018-02-26 07:00:00,C,0
2018-02-26 07:00:00,D,0
2018-02-26 07:00:00,E,41
2018-02-26 08:00:00,A,3
2018-02-26 08:00:00,B,0
2018-02-26 08:00:00,C,0
2018-02-26 08:00:00,D,0
2018-02-26 08:00:00,E,93
2018-02-26 09:00:00,A,12
2018-02-26 09:00:00,B,0
2018-02-26 09:00:00,C,6
2018-02-26 09:00:00,D,6
2018-02-26 09:00:00,E,138
2018-02-26 10:00:00,A,87
2018-02-26 10:00:00,B,7
2018-02-26 10:00:00,C,26
2018-02-26 10:00:00,D,13
2018-02-26 10:00:00,E,292
2018-02-26 11:00:00,A,209
2018-02-26 11:00:00,B,18
2018-02-26 11:00:00,C,63
2018-02-26 11:00:00,D,26
2018-02-26 11:00:00,E,593
2018-02-26 12:00:00,A,275
2018-02-26 12:00:00,B,31
2018-02-26 12:00:00,C,83
2018-02-26 12:00:00,D,25
2018-02-26 12:00:00,E,878
2018-02-26 13:00:00,A,285
2018-02-26 13:00:00,B,26
2018-02-26 13:00:00,C,70
2018-02-26 13:00:00,D,41
2018-02-26 13:00:00,E,799
2018-02-26 14:00:00,A,266
2018-02-26 14:00:00,B,22
2018-02-26 14:00:00,C,55
2018-02-26 14:00:00,D,32
2018-02-26 14:00:00,E,804
2018-02-26 15:00:00,A,270
2018-02-26 15:00:00,B,19
2018-02-26 15:00:00,C,53
2018-02-26 15:00:00,D,29
2018-02-26 15:00:00,E,849
2018-02-26 16:00:00,A,287
2018-02-26 16:00:00,B,21
2018-02-26 16:00:00,C,45
2018-02-26 16:00:00,D,39
2018-02-26 16:00:00,E,847
2018-02-26 17:00:00,A,348
2018-02-26 17:00:00,B,21
2018-02-26 17:00:00,C,65
2018-02-26 17:00:00,D,46
2018-02-26 17:00:00,E,1033
2018-02-26 18:00:00,A,384
2018-02-26 18:00:00,B,34
2018-02-26 18:00:00,C,84
2018-02-26 18:00:00,D,42
2018-02-26 18:00:00,E,1251
2018-02-26 19:00:00,A,439
2018-02-26 19:00:00,B,34
2018-02-26 19:00:00,C,72
2018-02-26 19:00:00,D,72
2018-02-26 19:00:00,E,1428
2018-02-26 20:00:00,A,320
2018-02-26 20:00:00,B,19
2018-02-26 20:00:00,C,63
2018-02-26 20:00:00,D,47
2018-02-26 20:00:00,E,1381
2018-02-26 21:00:00,A,247
2018-02-26 21:00:00,B,7
2018-02-26 21:00:00,C,37
2018-02-26 21:00:00,D,38
2018-02-26 21:00:00,E,1212
2018-02-26 22:00:00,A,75
2018-02-26 22:00:00,B,0
2018-02-26 22:00:00,C,3
2018-02-26 22:00:00,D,27
2018-02-26 22:00:00,E,881
2018-02-26 23:00:00,A,29
2018-02-26 23:00:00,B,0
2018-02-26 23:00:00,C,0
2018-02-26 23:00:00,D,2
2018-02-26 23:00:00,E,460
2018-02-27 00:00:00,A,15
2018-02-27 00:00:00,B,0
2018-02-27 00:00:00,C,0
2018-02-27 00:00:00,D,0
2018-02-27 00:00:00,E,185
2018-02-27 01:00:00,A,0
2018-02-27 01:00:00,B,0
2018-02-27 01:00:00,C,0
2018-02-27 01:00:00,D,0
2018-02-27 01:00:00,E,78
2018-02-27 02:00:00,A,0
2018-02-27 02:00:00,B,0
2018-02-27 02:00:00,C,0
2018-02-27 02:00:00,D,0
2018-02-27 02:00:00,E,22
2018-02-27 03:00:00,A,0
2018-02-27 03:00:00,B,0
2018-02-27 03:00:00,C,0
2018-02-27 03:00:00,D,0
2018-02-27 03:00:00,E,7
2018-02-27 04:00:00,A,0
2018-02-27 04:00:00,B,0
2018-02-27 04:00:00,C,0
2018-02-27 04:00:00,D,0
2018-02-27 04:00:00,E,3
2018-02-27 05:00:00,A,0
2018-02-27 05:00:00,B,0
2018-02-27 05:00:00,C,0
2018-02-27 05:00:00,D,0
2018-02-27 05:00:00,E,2
2018-02-27 06:00:00,A,0
2018-02-27 06:00:00,B,0
2018-02-27 06:00:00,C,0
2018-02-27 06:00:00,D,0
2018-02-27 06:00:00,E,14
2018-02-27 07:00:00,A,0
2018-02-27 07:00:00,B,0
2018-02-27 07:00:00,C,2
2018-02-27 07:00:00,D,0
2018-02-27 07:00:00,E,61
2018-02-27 08:00:00,A,4
2018-02-27 08:00:00,B,0
2018-02-27 08:00:00,C,2
2018-02-27 08:00:00,D,0
2018-02-27 08:00:00,E,110
2018-02-27 09:00:00,A,29
2018-02-27 09:00:00,B,2
2018-02-27 09:00:00,C,9
2018-02-27 09:00:00,D,5
2018-02-27 09:00:00,E,141
2018-02-27 10:00:00,A,105
2018-02-27 10:00:00,B,9
2018-02-27 10:00:00,C,39
2018-02-27 10:00:00,D,15
2018-02-27 10:00:00,E,317
2018-02-27 11:00:00,A,222
2018-02-27 11:00:00,B,31
2018-02-27 11:00:00,C,65
2018-02-27 11:00:00,D,34
2018-02-27 11:00:00,E,527
2018-02-27 12:00:00,A,344
2018-02-27 12:00:00,B,33
2018-02-27 12:00:00,C,105
2018-02-27 12:00:00,D,35
2018-02-27 12:00:00,E,915
2018-02-27 13:00:00,A,279
2018-02-27 13:00:00,B,19
2018-02-27 13:00:00,C,62
2018-02-27 13:00:00,D,28
2018-02-27 13:00:00,E,800
2018-02-27 14:00:00,A,252
2018-02-27 14:00:00,B,26
2018-02-27 14:00:00,C,50
2018-02-27 14:00:00,D,21
2018-02-27 14:00:00,E,815
2018-02-27 15:00:00,A,301
2018-02-27 15:00:00,B,28
2018-02-27 15:00:00,C,33
2018-02-27 15:00:00,D,31
2018-02-27 15:00:00,E,856
2018-02-27 16:00:00,A,287
2018-02-27 16:00:00,B,30
2018-02-27 16:00:00,C,52
2018-02-27 16:00:00,D,45
2018-02-27 16:00:00,E,978
2018-02-27 17:00:00,A,359
2018-02-27 17:00:00,B,47
2018-02-27 17:00:00,C,52
2018-02-27 17:00:00,D,46
2018-02-27 17:00:00,E,1069
2018-02-27 18:00:00,A,353
2018-02-27 18:00:00,B,32
2018-02-27 18:00:00,C,67
2018-02-27 18:00:00,D,59
2018-02-27 18:00:00,E,1194
2018-02-27 19:00:00,A,454
2018-02-27 19:00:00,B,29
2018-02-27 19:00:00,C,65
2018-02-27 19:00:00,D,58
2018-02-27 19:00:00,E,1454
2018-02-27 20:00:00,A,384
2018-02-27 20:00:00,B,30
2018-02-27 20:00:00,C,54
2018-02-27 20:00:00,D,38
2018-02-27 20:00:00,E,1572
2018-02-27 21:00:00,A,209
2018-02-27 21:00:00,B,3
2018-02-27 21:00:00,C,38
2018-02-27 21:00:00,D,50
2018-02-27 21:00:00,E,1361
2018-02-27 22:00:00,A,68
2018-02-27 22:00:00,B,0
2018-02-27 22:00:00,C,6
2018-02-27 22:00:00,D,17
2018-02-27 22:00:00,E,967
2018-02-27 23:00:00,A,30
2018-02-27 23:00:00,B,0
2018-02-27 23:00:00,C,0
2018-02-27 23:00:00,D,1
2018-02-27 23:00:00,E,477
2018-02-28 00:00:00,A,11
2018-02-28 00:00:00,B,0
2018-02-28 00:00:00,C,0
2018-02-28 00:00:00,D,0
2018-02-28 00:00:00,E,188
2018-02-28 01:00:00,A,0
2018-02-28 01:00:00,B,0
2018-02-28 01:00:00,C,0
2018-02-28 01:00:00,D,0
2018-02-28 01:00:00,E,69
2018-02-28 02:00:00,A,0
2018-02-28 02:00:00,B,0
2018-02-28 02:00:00,C,0
2018-02-28 02:00:00,D,0
2018-02-28 02:00:00,E,15
2018-02-28 03:00:00,A,0
2018-02-28 03:00:00,B,0
2018-02-28 03:00:00,C,0
2018-02-28 03:00:00,D,0
2018-02-28 03:00:00,E,5
2018-02-28 04:00:00,A,0
2018-02-28 04:00:00,B,0
2018-02-28 04:00:00,C,0
2018-02-28 04:00:00,D,0
2018-02-28 04:00:00,E,6
2018-02-28 05:00:00,A,0
2018-02-28 05:00:00,B,0
2018-02-28 05:00:00,C,0
2018-02-28 05:00:00,D,0
2018-02-28 05:00:00,E,2
2018-02-28 06:00:00,A,0
2018-02-28 06:00:00,B,0
2018-02-28 06:00:00,C,0
2018-02-28 06:00:00,D,0
2018-02-28 06:00:00,E,10
2018-02-28 07:00:00,A,3
2018-02-28 07:00:00,B,0
2018-02-28 07:00:00,C,0
2018-02-28 07:00:00,D,0
2018-02-28 07:00:00,E,62
2018-02-28 08:00:00,A,13
2018-02-28 08:00:00,B,0
2018-02-28 08:00:00,C,1
2018-02-28 08:00:00,D,0
2018-02-28 08:00:00,E,92
2018-02-28 09:00:00,A,20
2018-02-28 09:00:00,B,0
2018-02-28 09:00:00,C,12
2018-02-28 09:00:00,D,3
2018-02-28 09:00:00,E,117
2018-02-28 10:00:00,A,117
2018-02-28 10:00:00,B,8
2018-02-28 10:00:00,C,32
2018-02-28 10:00:00,D,10
2018-02-28 10:00:00,E,345
2018-02-28 11:00:00,A,237
2018-02-28 11:00:00,B,29
2018-02-28 11:00:00,C,57
2018-02-28 11:00:00,D,21
2018-02-28 11:00:00,E,642
2018-02-28 12:00:00,A,340
2018-02-28 12:00:00,B,36
2018-02-28 12:00:00,C,103
2018-02-28 12:00:00,D,29
2018-02-28 12:00:00,E,941
2018-02-28 13:00:00,A,299
2018-02-28 13:00:00,B,30
2018-02-28 13:00:00,C,68
2018-02-28 13:00:00,D,31
2018-02-28 13:00:00,E,911
2018-02-28 14:00:00,A,317
2018-02-28 14:00:00,B,23
2018-02-28 14:00:00,C,57
2018-02-28 14:00:00,D,30
2018-02-28 14:00:00,E,895
2018-02-28 15:00:00,A,262
2018-02-28 15:00:00,B,20
2018-02-28 15:00:00,C,53
2018-02-28 15:00:00,D,25
2018-02-28 15:00:00,E,860
2018-02-28 16:00:00,A,302
2018-02-28 16:00:00,B,32
2018-02-28 16:00:00,C,45
2018-02-28 16:00:00,D,24
2018-02-28 16:00:00,E,1008
2018-02-28 17:00:00,A,384
2018-02-28 17:00:00,B,39
2018-02-28 17:00:00,C,69
2018-02-28 17:00:00,D,48
2018-02-28 17:00:00,E,1096
2018-02-28 18:00:00,A,421
2018-02-28 18:00:00,B,38
2018-02-28 18:00:00,C,80
2018-02-28 18:00:00,D,60
2018-02-28 18:00:00,E,1271
2018-02-28 19:00:00,A,502
2018-02-28 19:00:00,B,41
2018-02-28 19:00:00,C,79
2018-02-28 19:00:00,D,66
2018-02-28 19:00:00,E,1631
2018-02-28 20:00:00,A,447
2018-02-28 20:00:00,B,27
2018-02-28 20:00:00,C,77
2018-02-28 20:00:00,D,71
2018-02-28 20:00:00,E,1711
2018-02-28 21:00:00,A,280
2018-02-28 21:00:00,B,9
2018-02-28 21:00:00,C,39
2018-02-28 21:00:00,D,46
2018-02-28 21:00:00,E,1381
2018-02-28 22:00:00,A,104
2018-02-28 22:00:00,B,0
2018-02-28 22:00:00,C,9
2018-02-28 22:00:00,D,34
2018-02-28 22:00:00,E,1042
2018-02-28 23:00:00,A,46
2018-02-28 23:00:00,B,0
2018-02-28 23:00:00,C,0
2018-02-28 23:00:00,D,4
2018-02-28 23:00:00,E,564
